{"cameraMode":{"drawMode":0,"name":"Shaded","section":"Shading Mode"},"sceneLighting":true,"audioPlay":false,"sceneViewState":{"showFog":true,"showMaterialUpdate":false,"showSkybox":true,"showFlares":true,"showImageEffects":true,"showParticleSystems":true},"in2DMode":false,"pivot":{"x":-0.15632662177085877,"y":7.096053123474121,"z":-2.4474246501922609},"rotation":{"x":0.07672882080078125,"y":-0.013732537627220154,"z":0.0010819043964147568,"w":0.996998131275177},"size":1.63785982131958,"orthographic":false}