{"cameraMode":{"drawMode":0,"name":"Shaded","section":"Shading Mode"},"sceneLighting":true,"audioPlay":false,"sceneViewState":{"showFog":true,"showMaterialUpdate":false,"showSkybox":true,"showFlares":true,"showImageEffects":true,"showParticleSystems":true},"in2DMode":false,"pivot":{"x":-1.3427696228027344,"y":7.494128227233887,"z":-6.845420837402344},"rotation":{"x":0.01201662328094244,"y":0.9323116540908814,"z":-0.031059781089425088,"w":0.3601832389831543},"size":18.96841812133789,"orthographic":false}